customer_id,customer_name,email,phone,sales_amount,profit_margin,customer_satisfaction,order_count,region,product_category,sales_rep,order_date,revenue,ssn,credit_card
1,Customer_1,customer1@company.com,555-001-0002,1698.685661204493,0.2786229888278627,3.24334340472338,7,South,Clothing,Diana,2024-01-01,11637.261323559796,389-91-8927,4673-6788-1201-7160
2,Customer_2,customer2@company.com,555-002-0004,1444.694279531526,0.2948627621094588,3.8403749862277365,6,South,Books,Alice,2024-01-02,7589.9929578019455,453-84-8016,4421-1517-8737-2988
3,Customer_3,customer3@company.com,555-003-0006,1759.075415240277,0.3366440994540222,4.20314621983091,3,North,Home,Diana,2024-01-03,11175.859485468784,815-58-8758,4181-4802-6808-8162
4,Customer_4,customer4@company.com,555-004-0008,2109.21194256321,0.33430416416279224,4.228188356258846,9,South,Home,Diana,2024-01-04,12171.187352816343,540-35-2809,4486-7241-9399-6633
5,Customer_5,customer5@company.com,555-005-0010,1406.3386501106656,0.1397864505634327,3.929960717112454,7,North,Electronics,Alice,2024-01-05,10386.791566323482,195-95-7352,4735-7309-5117-9345
6,Customer_6,customer6@company.com,555-006-0012,1406.3452172203279,0.17497399680679016,4.573709959408499,5,East,Books,Charlie,2024-01-06,8362.766640790847,442-97-7056,4538-2518-7163-3600
7,Customer_7,customer7@company.com,555-007-0014,2131.685126202957,0.2912028213766928,3.5594277423704437,2,North,Clothing,Diana,2024-01-07,11839.49522865598,489-78-6951,4247-4554-3849-2742
8,Customer_8,customer8@company.com,555-008-0016,1806.9738916611636,0.2911028760729767,4.114572308987224,6,East,Home,Bob,2024-01-08,10227.83925620154,256-37-8818,4382-4849-8519-5195
9,Customer_9,customer9@company.com,555-009-0018,1312.210245626019,0.2912038149044838,4.27217737902714,3,North,Home,Alice,2024-01-09,6651.111472344608,732-74-6738,4158-3555-3305-8619
10,Customer_10,customer10@company.com,555-010-0020,1717.0240174343858,0.5582185192523776,4.508663300435249,6,East,Clothing,Eve,2024-01-10,8207.62107536668,758-18-6793,4164-3642-7409-5757
11,Customer_11,customer11@company.com,555-011-0022,1314.632922875015,0.2956712408554534,4.626968926853334,2,South,Books,Charlie,2024-01-11,8947.410937546052,527-77-3224,4659-2271-2813-9801
12,Customer_12,customer12@company.com,555-012-0024,1313.7080985718972,0.3408452512144479,3.5252147448972786,3,East,Electronics,Alice,2024-01-12,13011.636575279314,297-65-7091,4513-5120-7124-9475
13,Customer_13,customer13@company.com,555-013-0026,1596.7849086264137,0.32632014107945617,3.2795314975586267,5,South,Electronics,Eve,2024-01-13,12660.366172612428,790-46-9662,4548-5396-1816-8304
14,Customer_14,customer14@company.com,555-014-0028,734.6879021368809,0.30211130010446385,4.966606093139106,3,South,Home,Eve,2024-01-14,12653.937062113351,317-38-8094,4263-1082-2920-8817
15,Customer_15,customer15@company.com,555-015-0030,810.0328669947869,0.22477846042877236,4.399388407187756,4,East,Clothing,Diana,2024-01-15,10464.720555367732,274-32-4796,4519-3093-8071-8967
16,Customer_16,customer16@company.com,555-016-0032,1275.084988303611,0.3107175376394614,3.750908078066068,5,North,Home,Diana,2024-01-16,11827.189583558398,334-22-4607,4361-9367-6285-5937
17,Customer_17,customer17@company.com,555-017-0034,1094.8675518662305,0.18817398283699427,5.0,6,North,Clothing,Diana,2024-01-17,7718.4411826282185,975-20-6904,4469-2818-3101-4490
18,Customer_18,customer18@company.com,555-018-0036,1625.6989330381095,0.23105451146079928,4.269404780575716,3,West,Electronics,Alice,2024-01-18,10013.606196785542,551-56-5888,4855-8674-2364-8294
19,Customer_19,customer19@company.com,555-019-0038,1136.7903697915156,0.21117091617367173,4.907578310438296,3,North,Books,Alice,2024-01-19,10903.265403299192,705-82-8122,4508-4676-3426-9264
20,Customer_20,customer20@company.com,555-020-0040,935.0785194658835,0.2565499311509058,4.240511088846065,4,West,Clothing,Charlie,2024-01-20,7850.20188538176,822-21-2316,4347-1859-5138-3424
21,Customer_21,customer21@company.com,555-021-0042,2086.2595075686218,0.4351726853338807,5.0,5,North,Electronics,Diana,2024-01-21,10419.82417928374,909-26-2124,4140-5017-9560-9342
22,Customer_22,customer22@company.com,555-022-0044,1409.6894798053856,0.10061878459266016,5.0,4,North,Home,Eve,2024-01-22,13373.278371608689,601-57-3587,4210-6166-6119-6694
23,Customer_23,customer23@company.com,555-023-0046,1527.0112818751695,0.3049008152299611,4.050621510912556,2,South,Clothing,Bob,2024-01-23,11117.539569121254,652-56-2519,4836-7136-6485-5164
24,Customer_24,customer24@company.com,555-024-0048,930.1007255146172,0.12098273030482787,4.782942570572613,6,West,Books,Charlie,2024-01-24,11835.090413328242,757-87-9418,4398-6039-5897-9252
25,Customer_25,customer25@company.com,555-025-0050,1282.246910189927,0.2122454507368453,4.587225569751089,6,North,Home,Alice,2024-01-25,5095.186153135475,335-80-5072,4929-2337-2184-5426
26,Customer_26,customer26@company.com,555-026-0052,1544.3690358839465,0.3371160477573893,5.0,8,West,Home,Charlie,2024-01-26,13115.937698305848,112-91-9588,4627-2629-2526-2361
27,Customer_27,customer27@company.com,555-027-0054,1039.602569031079,0.255142401527637,3.6210459236519377,1,South,Electronics,Charlie,2024-01-27,9627.75530449566,199-40-5424,4649-5370-6283-8610
28,Customer_28,customer28@company.com,555-028-0056,1650.2792073382689,0.1637804177656555,4.611630875999063,6,South,Clothing,Charlie,2024-01-28,8462.627371859915,265-84-4893,4418-2993-1869-2014
29,Customer_29,customer29@company.com,555-029-0058,1259.744524032478,0.19277570325920254,4.835054692109753,2,West,Home,Charlie,2024-01-29,9650.72429638014,199-96-2772,4987-1602-1690-9685
30,Customer_30,customer30@company.com,555-030-0060,1383.3225000826892,0.3043678199147741,3.144756308146132,5,South,Books,Bob,2024-01-30,7029.955683438204,261-18-2751,4589-7864-8240-8786
31,Customer_31,customer31@company.com,555-031-0062,1259.3173551082411,0.19157066946262907,3.490044892400535,2,East,Clothing,Diana,2024-01-31,12095.884123504286,875-16-8170,4956-1294-6488-5027
32,Customer_32,customer32@company.com,555-032-0064,2240.911273803575,0.267316687166558,2.97646069334394,6,East,Books,Eve,2024-02-01,9329.208554452414,127-79-4220,4895-3912-5744-2873
33,Customer_33,customer33@company.com,555-033-0066,1494.6011101048264,0.2536457471923051,4.038355899333266,4,South,Home,Charlie,2024-02-02,8522.738375947862,639-63-2461,4667-4258-3817-9636
34,Customer_34,customer34@company.com,555-034-0068,1076.91562841764,0.19787197219153463,4.630525353477577,3,East,Books,Charlie,2024-02-03,9663.88986862327,164-30-1234,4669-5458-6307-9933
35,Customer_35,customer35@company.com,555-035-0070,1829.0179648412757,0.421515527146026,5.0,5,North,Electronics,Charlie,2024-02-04,12236.031309152282,326-22-8480,4779-6738-6668-8697
36,Customer_36,customer36@company.com,555-036-0072,1011.6625400115911,0.3007135217854409,4.2444568682518655,6,West,Books,Diana,2024-02-05,10262.916801562442,148-63-2673,4965-1062-8829-8352
37,Customer_37,customer37@company.com,555-037-0074,1583.545438001902,0.08798859306739143,5.0,3,North,Clothing,Alice,2024-02-06,7180.612460933065,664-53-8982,4304-7915-9326-4644
38,Customer_38,customer38@company.com,555-038-0076,716.1319504480898,0.2649163451815542,3.3719391250710653,4,West,Books,Alice,2024-02-07,10929.961659482164,152-83-4748,4974-9003-4278-8296
39,Customer_39,customer39@company.com,555-039-0078,968.7255804406278,0.19705708281852896,3.1779705363869075,8,South,Books,Bob,2024-02-08,8142.04009135475,201-33-4841,4922-4074-9312-8552
40,Customer_40,customer40@company.com,555-040-0080,1578.7444943476494,0.3181946667836979,4.166671380662029,4,North,Electronics,Alice,2024-02-09,5687.797937250367,948-23-1674,4713-6103-1644-3032
41,Customer_41,customer41@company.com,555-041-0082,1795.3866319981641,0.18659834092538397,4.430439269363585,10,South,Books,Charlie,2024-02-10,12992.014425434356,486-26-4253,4813-3068-1241-3668
42,Customer_42,customer42@company.com,555-042-0084,1568.5473124759883,0.24082108468264807,4.180383151143545,4,South,Books,Charlie,2024-02-11,10914.459749655378,983-33-9931,4402-1802-6059-1195
43,Customer_43,customer43@company.com,555-043-0086,1453.7406870447037,0.2903989823184366,2.9595347399760743,5,West,Home,Charlie,2024-02-12,9843.45867239317,477-69-4923,4239-3330-5841-4606
44,Customer_44,customer44@company.com,555-044-0088,1379.5585217642845,0.31926041553360973,4.146527976292327,10,West,Home,Bob,2024-02-13,9308.780970606602,218-37-3745,4764-9468-1060-4927
45,Customer_45,customer45@company.com,555-045-0090,908.591203853029,0.1539762874355379,3.4173182996970883,3,West,Clothing,Charlie,2024-02-14,12794.159001466633,894-62-6818,4252-3591-9758-7121
46,Customer_46,customer46@company.com,555-046-0092,1212.0623166421165,0.22323990113272413,4.6018035292980235,4,North,Home,Alice,2024-02-15,16174.31030039681,274-43-5063,4276-3854-8024-7972
47,Customer_47,customer47@company.com,555-047-0094,1315.744491616085,0.2120043751071235,4.419958947658109,7,East,Home,Diana,2024-02-16,10897.561037133033,835-34-9224,4236-2029-3594-8206
48,Customer_48,customer48@company.com,555-048-0096,1922.8488904875662,0.19773366139410303,3.636072128203587,5,West,Home,Diana,2024-02-17,7940.730635344247,154-67-3566,4761-3472-1086-7219
49,Customer_49,customer49@company.com,555-049-0098,1637.4473158273845,0.3912363392224878,3.891679849597984,10,West,Home,Eve,2024-02-18,9691.068962264048,855-66-4709,4570-9143-7968-3773
50,Customer_50,customer50@company.com,555-050-0100,794.7839378549064,0.28239853687687644,3.564471886866629,4,North,Electronics,Alice,2024-02-19,10861.145344188099,111-25-1719,4556-2700-3700-7815
51,Customer_51,customer51@company.com,555-051-0102,1629.6335877579181,0.1491292836531964,4.162392541636097,2,West,Home,Charlie,2024-02-20,5300.943386016269,654-86-4718,4657-2647-7038-6164
52,Customer_52,customer52@company.com,555-052-0104,1345.9670878334734,0.3234289557643821,4.773085392300743,3,North,Electronics,Diana,2024-02-21,10668.998403556236,327-60-5552,4500-4687-1596-5545
53,Customer_53,customer53@company.com,555-053-0106,1229.2311998776165,0.41977249576101067,3.608564372198674,5,South,Electronics,Alice,2024-02-22,10872.850258986158,259-84-7919,4584-9837-5757-5384
54,Customer_54,customer54@company.com,555-054-0108,1744.6705155363472,0.33259722084409177,4.502427909310707,8,West,Home,Diana,2024-02-23,12652.68439597444,324-96-9835,4513-9912-5733-8081
55,Customer_55,customer55@company.com,555-055-0110,1912.3998089983804,0.1284504027236789,3.881845428976536,4,West,Books,Charlie,2024-02-24,12444.246604746108,715-76-9680,4598-8117-5729-2673
56,Customer_56,customer56@company.com,555-056-0112,1872.5120476464795,0.2112612741706999,3.7242763006425936,3,South,Electronics,Diana,2024-02-25,10222.344320579072,256-37-4276,4214-8178-3294-4630
57,Customer_57,customer57@company.com,555-057-0114,1164.3129907109446,0.3513528919349298,4.135781784027266,8,South,Books,Eve,2024-02-26,13029.273813160717,178-96-9707,4857-1146-4453-5507
58,Customer_58,customer58@company.com,555-058-0116,1376.3150496595142,0.19338644275049754,3.5788546065483757,6,South,Books,Eve,2024-02-27,14071.356638077512,701-18-1630,4763-8751-6628-9328
59,Customer_59,customer59@company.com,555-059-0118,1632.5053725614257,0.28550555425169827,3.867810416791691,8,West,Home,Diana,2024-02-28,10055.90291048892,744-65-7683,4274-4360-4005-4552
60,Customer_60,customer60@company.com,555-060-0120,1890.2180508489437,0.31197072427434697,3.481273264446691,3,East,Clothing,Alice,2024-02-29,10836.374156935497,377-26-6690,4118-3242-7318-6097
61,Customer_61,customer61@company.com,555-061-0122,1308.330304861884,0.17584556227375336,5.0,3,East,Home,Alice,2024-03-01,6465.405293778847,189-80-1025,4548-2948-6618-5236
62,Customer_62,customer62@company.com,555-062-0124,1425.7364093344731,0.245237971515056,4.221158131183038,5,East,Clothing,Alice,2024-03-02,7098.053475117824,124-19-8468,4857-2920-5188-1238
63,Customer_63,customer63@company.com,555-063-0126,1057.4660103975887,0.0,3.7801646952044488,11,West,Clothing,Diana,2024-03-03,8323.607371980963,438-20-9652,4304-6552-5927-5390
64,Customer_64,customer64@company.com,555-064-0128,1021.5173503677318,0.1680489886932568,4.328387946440533,7,South,Home,Alice,2024-03-04,9112.763390965893,792-81-6102,4739-5951-7160-6388
65,Customer_65,customer65@company.com,555-065-0130,1825.0103289576791,0.22979454788854717,4.132603170185503,4,West,Home,Charlie,2024-03-05,7807.753950523864,962-37-2994,4424-6126-1816-1192
66,Customer_66,customer66@company.com,555-066-0132,2042.4960114283292,0.15017734544281203,4.067418240280066,3,South,Clothing,Eve,2024-03-06,9928.009176045516,590-74-2072,4852-4645-7314-9442
67,Customer_67,customer67@company.com,555-067-0134,1471.1959513678664,0.38059290431453086,4.568500020026056,8,West,Home,Charlie,2024-03-07,9172.581664650763,786-61-1215,4864-8374-4700-4893
68,Customer_68,customer68@company.com,555-068-0136,1901.4131591568098,0.1355886897631494,4.654504626028383,8,West,Clothing,Alice,2024-03-08,12141.79046267923,537-69-3606,4767-3679-4904-8260
69,Customer_69,customer69@company.com,555-069-0138,1644.6544100190536,0.21479644106424128,3.8816993114336835,3,South,Books,Charlie,2024-03-09,9050.452709032585,258-55-4313,4604-7773-4816-1717
70,Customer_70,customer70@company.com,555-070-0140,1241.9520981579503,0.2604592461828873,3.854509055613192,3,East,Home,Alice,2024-03-10,5426.564103569011,893-14-8763,4512-5434-1658-6057
71,Customer_71,customer71@company.com,555-071-0142,1644.5582422033656,0.36530186312528923,4.034968981709014,6,South,Books,Diana,2024-03-11,10251.50234507084,919-84-3295,4528-5994-5234-4764
72,Customer_72,customer72@company.com,555-072-0144,2115.2146265863876,0.13513102790564485,2.818847301158649,2,North,Electronics,Charlie,2024-03-12,9971.603951177322,665-42-2946,4641-3104-7801-9575
73,Customer_73,customer73@company.com,555-073-0146,1485.6695843560194,0.34305310017239676,3.2908853626808687,7,North,Books,Diana,2024-03-13,8275.900237191012,837-24-3783,4659-9385-4719-3581
74,Customer_74,customer74@company.com,555-074-0148,2125.8574623256027,0.25081864488156697,5.0,5,South,Books,Diana,2024-03-14,10189.999766994075,672-30-8557,4617-3763-7328-6991
75,Customer_75,customer75@company.com,555-075-0150,452.1019583641023,0.17147930791616392,5.0,5,West,Clothing,Bob,2024-03-15,7849.47082354733,393-71-3645,4391-4406-9923-5780
76,Customer_76,customer76@company.com,555-076-0152,1828.7610017500895,0.28696827794106167,4.050578376266174,6,North,Books,Alice,2024-03-16,10659.679907246686,545-91-2932,4181-7476-3604-9181
77,Customer_77,customer77@company.com,555-077-0154,1534.8188272952684,0.2659247756458776,4.54593417783346,1,North,Home,Eve,2024-03-17,15265.848873859703,322-12-6085,4434-1531-7079-1634
78,Customer_78,customer78@company.com,555-078-0156,1380.397059813653,0.2019826498272964,4.386750092726122,10,West,Clothing,Alice,2024-03-18,6388.789054186467,617-17-1492,4845-1002-9397-6951
79,Customer_79,customer79@company.com,555-079-0158,1536.704310614201,0.25558416679920154,5.0,2,West,Electronics,Eve,2024-03-19,8967.51582598168,334-42-8888,4139-6626-8739-7003
80,Customer_80,customer80@company.com,555-080-0160,704.9724341596428,0.21917491225105917,4.871744946860746,5,East,Home,Alice,2024-03-20,8646.989757101728,851-84-5958,4942-7239-9026-4306
81,Customer_81,customer81@company.com,555-081-0162,1412.1312448649953,0.25908138762009986,4.12324944511154,4,West,Electronics,Diana,2024-03-21,9133.480233024913,767-79-3743,4997-1670-8291-2505
82,Customer_82,customer82@company.com,555-082-0164,1642.8450286046987,0.30297045396168376,3.6266757356397448,5,South,Books,Charlie,2024-03-22,12039.84915919395,931-68-8160,4416-6167-6255-1249
83,Customer_83,customer83@company.com,555-083-0166,2091.1576178966066,0.3768813452916282,3.236132207845457,4,South,Home,Charlie,2024-03-23,11085.653118638049,431-20-9548,4413-2892-4439-3854
84,Customer_84,customer84@company.com,555-084-0168,1292.6919126905411,0.15097476009385208,4.322078181520334,5,East,Home,Bob,2024-03-24,11697.533005212847,700-27-8186,4579-4792-6330-8871
85,Customer_85,customer85@company.com,555-085-0170,1176.6025588427249,0.4206426699725013,3.746189552829418,6,North,Electronics,Eve,2024-03-25,10060.991009507195,410-91-1619,4143-4612-3618-5678
86,Customer_86,customer86@company.com,555-086-0172,1299.2971825661853,0.09383297603819984,3.346647774241396,1,North,Home,Eve,2024-03-26,7355.801360110285,982-38-4642,4191-3942-9411-2925
87,Customer_87,customer87@company.com,555-087-0174,1866.1608470808296,0.23785719239715333,3.812056269454484,3,West,Home,Eve,2024-03-27,7770.62927748004,224-26-9436,4541-1990-2812-9995
88,Customer_88,customer88@company.com,555-088-0176,1631.500443863874,0.29706537651876613,3.551071197831363,2,South,Home,Diana,2024-03-28,11492.519414933184,947-75-1929,4589-6876-4645-8081
89,Customer_89,customer89@company.com,555-089-0178,1288.0959184931844,0.2724793494188026,5.0,5,North,Books,Eve,2024-03-29,10341.663796826595,346-17-4212,4943-4516-4340-7410
90,Customer_90,customer90@company.com,555-090-0180,1705.3069732453425,0.2001840384143525,4.7289838541696705,4,East,Electronics,Charlie,2024-03-30,12520.414812157676,461-17-4423,4153-3575-1615-6944
91,Customer_91,customer91@company.com,555-091-0182,1538.8310197392161,0.23335021997141797,4.19521641521003,7,East,Home,Diana,2024-03-31,10586.524206493594,594-74-8594,4139-8404-1954-2629
92,Customer_92,customer92@company.com,555-092-0184,1887.4579962131556,0.2105599252272934,5.0,7,South,Clothing,Alice,2024-04-01,7633.97001333575,138-90-4667,4833-7859-9841-4278
93,Customer_93,customer93@company.com,555-093-0186,1219.178762449059,0.2028508194444631,4.246420984588571,2,East,Clothing,Eve,2024-04-02,8956.19637163369,699-95-7236,4435-4801-3561-7539
94,Customer_94,customer94@company.com,555-094-0188,1368.9351413608927,0.31796816776168196,3.683229479203042,6,East,Clothing,Eve,2024-04-03,11129.628299365859,185-53-3468,4470-1857-5886-8485
95,Customer_95,customer95@company.com,555-095-0190,1343.1567387471368,0.2785612388772038,5.0,7,South,Clothing,Alice,2024-04-04,11420.664992477252,173-45-2636,4835-1383-5334-5290
96,Customer_96,customer96@company.com,555-096-0192,914.5940207471526,0.19456723237914766,4.523346026210795,2,West,Books,Eve,2024-04-05,11710.217264309376,611-37-5009,4777-7204-7111-5251
97,Customer_97,customer97@company.com,555-097-0194,1618.4481108258303,0.32196799003466003,3.577652307404126,7,West,Home,Alice,2024-04-06,7902.951773589613,354-52-9148,4477-1922-3915-8957
98,Customer_98,customer98@company.com,555-098-0196,1604.4221088719557,0.2745839616701288,4.085796793149835,5,East,Electronics,Diana,2024-04-07,7597.939667846151,827-51-5967,4685-4046-2230-8647
99,Customer_99,customer99@company.com,555-099-0198,1502.0453826569844,0.3150289695071168,3.674629047969146,7,West,Home,Charlie,2024-04-08,9620.394960505158,421-64-6722,4890-5933-4940-7483
100,Customer_100,customer100@company.com,555-100-0200,1406.1651466499413,0.300370307353889,3.3703201614213985,6,West,Books,Alice,2024-04-09,12880.147033066909,889-36-5444,4303-1160-9960-4748
101,Customer_101,customer101@company.com,555-101-0202,933.8517031798343,0.1836803991262342,4.755706528518985,5,East,Clothing,Bob,2024-04-10,8612.263358383963,550-22-2196,4674-3581-2093-5500
102,Customer_102,customer102@company.com,555-102-0204,1331.7418708938565,0.20518551678424243,5.0,6,West,Books,Alice,2024-04-11,10909.943781201946,109-18-8927,4707-6710-3875-4191
103,Customer_103,customer103@company.com,555-103-0206,1362.9141933892922,0.3097834884098609,3.3608594557085154,5,East,Home,Eve,2024-04-12,10910.12227787793,346-36-7689,4913-1689-4759-3103
104,Customer_104,customer104@company.com,555-104-0208,1179.0890923113525,0.2988296212346772,4.537781542014343,4,North,Electronics,Diana,2024-04-13,11521.545499341226,598-10-4743,4465-9092-5172-7033
105,Customer_105,customer105@company.com,555-105-0210,1435.4857153335963,0.24832787248286814,3.809614458526904,7,South,Books,Diana,2024-04-14,13328.88050789642,700-80-4824,4357-3378-2205-5988
106,Customer_106,customer106@company.com,555-106-0212,1661.6203427258154,0.2593861906647026,3.9077247697411828,1,South,Electronics,Alice,2024-04-15,13123.812849532213,934-93-3451,4867-6669-3735-9490
107,Customer_107,customer107@company.com,555-107-0214,2254.474360484212,0.35221319166307397,3.8445636454566787,8,West,Books,Charlie,2024-04-16,8810.78833232099,728-44-8778,4898-7623-2474-5460
108,Customer_108,customer108@company.com,555-108-0216,1569.8311251327357,0.2026742888931336,3.6816055381921107,4,West,Electronics,Bob,2024-04-17,5804.209117382652,724-87-5369,4958-7396-3828-3850
109,Customer_109,customer109@company.com,555-109-0218,1603.0201562891057,0.293767790493603,4.2291129767668965,5,West,Electronics,Diana,2024-04-18,8642.941329270514,784-93-1692,4558-3964-5594-7644
110,Customer_110,customer110@company.com,555-110-0220,1470.221633693533,0.23382458780528848,3.7014299301533775,3,South,Clothing,Eve,2024-04-19,10151.344588094471,190-91-4008,4902-1165-1919-9305
111,Customer_111,customer111@company.com,555-111-0222,732.4915138803834,0.23258550374182238,4.362274095467903,7,North,Electronics,Eve,2024-04-20,9276.709444628686,213-10-9345,4532-1991-7047-4839
112,Customer_112,customer112@company.com,555-112-0224,1489.3944498203132,0.33790214815897524,4.169857134330518,2,North,Clothing,Charlie,2024-04-21,13935.797885856271,976-29-4699,4334-8609-9706-5804
113,Customer_113,customer113@company.com,555-113-0226,1524.0920839764105,0.3160333079190424,4.056631171880154,5,South,Home,Diana,2024-04-22,10037.560608632899,954-19-4786,4952-1067-6660-5478
114,Customer_114,customer114@company.com,555-114-0228,2485.2968449941145,0.3150807708800511,3.6554618027750414,10,North,Home,Alice,2024-04-23,11307.423760512387,140-14-2913,4118-4521-1572-8082
115,Customer_115,customer115@company.com,555-115-0230,1423.055614087551,0.3544383045723463,3.8539372016590008,7,South,Clothing,Eve,2024-04-24,10434.428619294687,292-26-2772,4764-6395-3258-7039
116,Customer_116,customer116@company.com,555-116-0232,1620.618936933445,0.25168030733062074,4.653234735495454,7,North,Clothing,Charlie,2024-04-25,9306.733633018355,832-77-8423,4750-6741-7838-3587
117,Customer_117,customer117@company.com,555-117-0234,1486.1152921179028,0.30455623770359713,4.500550312574629,10,East,Books,Diana,2024-04-26,6150.376644074668,750-65-1660,4808-4262-2338-5996
118,Customer_118,customer118@company.com,555-118-0236,1032.5287849521872,0.22517865947252352,3.61346685312087,1,East,Books,Diana,2024-04-27,9842.764722917029,198-85-2132,4662-6780-3827-6232
119,Customer_119,customer119@company.com,555-119-0238,1957.1291258060082,0.27593330819907536,4.259599383257536,5,South,Books,Diana,2024-04-28,16509.294586308253,799-80-8470,4269-4539-8845-5383
120,Customer_120,customer120@company.com,555-120-0240,1800.7732130747097,0.23958855565058523,4.650832274023074,3,North,Home,Diana,2024-04-29,7511.083200324332,426-35-8812,4288-3961-4226-7837
121,Customer_121,customer121@company.com,555-121-0242,1816.4127788172186,0.25775967719941745,3.1983568313271773,8,West,Books,Diana,2024-04-30,6370.2539112515515,504-87-3179,4821-8031-4716-4414
122,Customer_122,customer122@company.com,555-122-0244,1136.2450180821045,0.2976125620349531,4.526016115427961,7,North,Electronics,Eve,2024-05-01,13872.77860513782,890-93-2422,4524-1570-3904-3505
123,Customer_123,customer123@company.com,555-123-0246,2061.1177243744396,0.1845423453413222,3.802425744632492,3,East,Electronics,Charlie,2024-05-02,11484.16593973867,853-17-7696,4950-7982-8427-7336
124,Customer_124,customer124@company.com,555-124-0248,939.2595748830877,0.4173909820548368,4.542359201155896,1,East,Books,Diana,2024-05-03,10374.839761046873,467-28-1614,4754-1615-8086-5749
125,Customer_125,customer125@company.com,555-125-0250,1734.7428375201082,0.16951860948002384,3.7420445060744902,5,North,Electronics,Bob,2024-05-04,12725.347724734116,657-37-5570,4533-5529-2135-9566
126,Customer_126,customer126@company.com,555-126-0252,2376.1822503239914,0.1528649109769814,3.1170707396012887,3,North,Home,Bob,2024-05-05,8336.996114087806,935-24-3468,4158-6162-1206-5875
127,Customer_127,customer127@company.com,555-127-0254,1103.7854699477248,0.3426488698800054,3.2234745372701026,6,West,Electronics,Charlie,2024-05-06,9786.810478170697,996-76-4607,4395-2141-5627-8389
128,Customer_128,customer128@company.com,555-128-0256,1273.4809081588912,0.31333301551703485,4.22885096799683,3,West,Home,Alice,2024-05-07,11910.308233801647,635-13-1289,4265-3690-8323-4255
129,Customer_129,customer129@company.com,555-129-0258,1539.8605460350566,0.2999295853641724,4.3558335010328895,4,North,Clothing,Alice,2024-05-08,14220.70873564079,532-96-4252,4189-6213-5108-4020
130,Customer_130,customer130@company.com,555-130-0260,1298.6097383535202,0.30026764074114237,3.657410024937355,5,North,Clothing,Alice,2024-05-09,7662.911370686783,347-32-1580,4933-9996-3789-4875
131,Customer_131,customer131@company.com,555-131-0262,879.734627573547,0.24902025817224682,4.583155475266425,8,North,Clothing,Bob,2024-05-10,12561.46891712079,962-62-8997,4537-9135-7055-4882
132,Customer_132,customer132@company.com,555-132-0264,1527.425189922411,0.17821965028113346,3.2030879626386244,7,North,Clothing,Alice,2024-05-11,10763.678121681967,780-66-4832,4249-8175-8129-6021
133,Customer_133,customer133@company.com,555-133-0266,1075.078514509558,0.2560643646554981,4.16035212081161,5,South,Electronics,Eve,2024-05-12,10326.122134858831,799-63-6445,4820-5735-3387-7582
134,Customer_134,customer134@company.com,555-134-0268,1689.4369722540725,0.19582706307903106,3.4733902801425263,4,North,Books,Diana,2024-05-13,9984.541555490523,456-66-7534,4243-6866-3566-1975
135,Customer_135,customer135@company.com,555-135-0270,1132.2303063064787,0.32800957867342007,3.8088983353187045,6,West,Electronics,Bob,2024-05-14,7230.706758610793,714-47-4156,4144-2262-6047-8382
136,Customer_136,customer136@company.com,555-136-0272,2119.973762007016,0.2382354094798289,4.228439202789849,8,East,Home,Charlie,2024-05-15,11926.177996426064,416-93-6634,4187-4327-6630-3259
137,Customer_137,customer137@company.com,555-137-0274,1186.698683065505,0.18396022425659908,3.6837519808296286,4,South,Electronics,Charlie,2024-05-16,8435.461959347344,483-60-9533,4904-2257-1464-4294
138,Customer_138,customer138@company.com,555-138-0276,1371.1753935177298,0.22428913266776052,3.969266673462105,3,North,Electronics,Diana,2024-05-17,7840.618594995306,914-77-4109,4730-8431-2230-4805
139,Customer_139,customer139@company.com,555-139-0278,1825.4068869478679,0.28303451634204996,4.803775685528665,2,East,Home,Bob,2024-05-18,11770.917917800676,610-45-4240,4465-7419-6750-4856
140,Customer_140,customer140@company.com,555-140-0280,1007.6542734264178,0.20490203577568203,3.853864878286111,3,South,Clothing,Alice,2024-05-19,11578.268050293356,442-67-9497,4163-7953-7034-5589
141,Customer_141,customer141@company.com,555-141-0282,1590.9839738416517,0.18422236835468547,4.701415267239085,9,East,Clothing,Alice,2024-05-20,10158.000167222124,641-71-7680,4622-7065-2094-3411
142,Customer_142,customer142@company.com,555-142-0284,2022.8571017129711,0.269494976919353,3.5221758872054294,5,North,Clothing,Eve,2024-05-21,12159.087241623281,211-36-1205,4669-9954-5145-3775
143,Customer_143,customer143@company.com,555-143-0286,857.006706175509,0.2695973256886978,4.51788250674917,4,North,Books,Eve,2024-05-22,12851.87316295823,284-56-4811,4663-7628-4155-4970
144,Customer_144,customer144@company.com,555-144-0288,1573.8535434129217,0.20944454597030962,5.0,7,West,Home,Alice,2024-05-23,12616.44815565108,650-25-6141,4904-9775-6415-5331
145,Customer_145,customer145@company.com,555-145-0290,1603.9531176993694,0.21231693555053419,2.717013299923627,8,North,Home,Charlie,2024-05-24,8943.44205319604,312-63-3708,4155-2942-7026-9301
146,Customer_146,customer146@company.com,555-146-0292,1812.7291487109242,0.2685639949886109,3.721862846717714,4,North,Electronics,Charlie,2024-05-25,12028.209862559424,852-25-4273,4291-1861-7711-1649
147,Customer_147,customer147@company.com,555-147-0294,1005.2197156487672,0.13415325268021405,4.546243276308324,4,South,Books,Eve,2024-05-26,10423.281955017297,131-68-9712,4138-8587-9828-2036
148,Customer_148,customer148@company.com,555-148-0296,971.8173547662894,0.1374028980498756,4.078172768374205,8,West,Clothing,Diana,2024-05-27,13451.815540704749,750-19-3832,4135-3148-6457-7079
149,Customer_149,customer149@company.com,555-149-0298,1708.776626246759,0.19252446229980513,4.422687524022786,5,South,Books,Alice,2024-05-28,9752.543327465653,935-57-7579,4265-3430-2879-8542
150,Customer_150,customer150@company.com,555-150-0300,1618.7938692932744,0.23292422786305222,3.8376088879705077,5,East,Home,Eve,2024-05-29,9287.05672526334,210-34-6754,4110-3011-4373-8357
151,Customer_151,customer151@company.com,555-151-0302,1600.1971401383507,0.27487260524784035,4.25195387248374,6,North,Home,Eve,2024-05-30,8772.406246314247,968-74-6310,4552-2289-2447-4199
152,Customer_152,customer152@company.com,555-152-0304,1638.5792837987904,0.36802849735596416,4.106593658764752,7,East,Electronics,Alice,2024-05-31,10378.575788471111,828-60-2104,4337-8522-7059-4183
153,Customer_153,customer153@company.com,555-153-0306,1227.9901113686037,0.31861276985616155,4.900669236995885,2,South,Electronics,Alice,2024-06-01,10933.450935184208,588-97-8361,4927-6462-4216-4136
154,Customer_154,customer154@company.com,555-154-0308,1592.9014788644015,0.23720491760292584,4.352652505980728,1,North,Home,Charlie,2024-06-02,10971.924565854542,203-24-8263,4346-3782-8657-5920
155,Customer_155,customer155@company.com,555-155-0310,1617.2289893194725,0.24847870336778488,4.402561597245121,7,North,Clothing,Diana,2024-06-03,10698.345080623714,522-79-4072,4538-7324-7327-9417
156,Customer_156,customer156@company.com,555-156-0312,1214.2594327894528,0.1697976508289753,3.95287382032652,5,South,Clothing,Diana,2024-06-04,11342.074025359612,506-48-1508,4876-6208-1687-1529
157,Customer_157,customer157@company.com,555-157-0314,2246.309804457903,0.24851894912060882,3.907436265556504,4,South,Books,Alice,2024-06-05,9554.916328171204,737-66-4664,4470-6067-9080-6518
158,Customer_158,customer158@company.com,555-158-0316,1689.533168364715,0.22690730888638894,3.940465087308228,4,South,Home,Bob,2024-06-06,8254.969368816257,517-50-3524,4205-7094-7974-5774
159,Customer_159,customer159@company.com,555-159-0318,1023.4786011189406,0.27581748482704715,4.4366712854269785,3,South,Home,Eve,2024-06-07,8080.344006172704,172-22-5357,4624-4103-3440-5135
160,Customer_160,customer160@company.com,555-160-0320,1762.6214434535318,0.18382152451581416,3.9474093115078426,8,South,Clothing,Eve,2024-06-08,11950.102190606936,439-61-3292,4759-8124-6201-1844
161,Customer_161,customer161@company.com,555-161-0322,1110.1273319090715,0.2915477211392938,4.373864914137848,7,North,Clothing,Alice,2024-06-09,10940.64462105658,614-90-8742,4819-1446-4915-4109
162,Customer_162,customer162@company.com,555-162-0324,1814.8338414969808,0.37261911304020623,5.0,1,South,Home,Bob,2024-06-10,6288.324458099352,660-85-2903,4310-7587-1226-5143
163,Customer_163,customer163@company.com,555-163-0326,1963.4382316029617,0.24129918812345139,4.722674822059016,2,North,Electronics,Charlie,2024-06-11,12193.506853599882,274-64-5287,4117-6558-1186-3535
164,Customer_164,customer164@company.com,555-164-0328,1171.7270726593158,0.2821369377679153,4.004385880699296,4,North,Home,Alice,2024-06-12,13760.87029280531,164-90-8106,4976-3032-2252-6509
165,Customer_165,customer165@company.com,555-165-0330,1885.3504516977287,0.305211519336889,4.920728353298367,6,South,Home,Alice,2024-06-13,8568.166298482935,573-24-4171,4688-2881-1269-2630
166,Customer_166,customer166@company.com,555-166-0332,1665.1123707745994,0.2179023622491331,3.9551547761870696,4,South,Clothing,Eve,2024-06-14,10672.320092552081,643-77-7033,4409-7139-2574-2695
167,Customer_167,customer167@company.com,555-167-0334,1828.824063997796,0.26792739854483333,2.977125278893288,6,West,Clothing,Alice,2024-06-15,9053.08381273528,468-92-9234,4286-4262-2445-7263
168,Customer_168,customer168@company.com,555-168-0336,2258.717193061579,0.2510073920625436,3.5951482134495576,8,North,Electronics,Alice,2024-06-16,11256.613850942333,983-44-3535,4319-1052-6570-8579
169,Customer_169,customer169@company.com,555-169-0338,1401.8447535988519,0.25781408788390653,3.0775248473844865,7,South,Electronics,Alice,2024-06-17,7667.98222184955,177-67-2293,4742-7901-3785-1719
170,Customer_170,customer170@company.com,555-170-0340,1198.5055342570042,0.18815921729156268,3.989091909575215,5,South,Books,Eve,2024-06-18,9857.10868580244,773-70-7871,4505-7855-3294-9263
171,Customer_171,customer171@company.com,555-171-0342,1144.1942281497907,0.2519608139407154,4.211051027513731,2,South,Home,Charlie,2024-06-19,11962.628255997563,414-38-4922,4929-5482-1698-8243
172,Customer_172,customer172@company.com,555-172-0344,1173.6758860138248,0.28983986329963596,5.0,1,West,Clothing,Charlie,2024-06-20,12471.42347859768,988-58-6287,4276-6918-1348-6374
173,Customer_173,customer173@company.com,555-173-0346,1469.1593162343584,0.36609148862360336,4.396156424258498,7,West,Electronics,Alice,2024-06-21,10852.991637839377,438-74-2476,4936-8869-1307-4416
174,Customer_174,customer174@company.com,555-174-0348,1636.4607899266575,0.32674166608681654,4.068539682714682,4,East,Books,Eve,2024-06-22,9321.909393580521,382-89-1389,4226-5820-4558-5478
175,Customer_175,customer175@company.com,555-175-0350,1610.6763197320076,0.4222545966009245,4.697643348710094,1,North,Books,Charlie,2024-06-23,6814.797831312783,624-73-9125,4505-7531-5620-3985
176,Customer_176,customer176@company.com,555-176-0352,1830.8732996144095,0.18861219496895604,2.873318814595269,6,East,Clothing,Charlie,2024-06-24,8484.900577521437,582-28-3763,4725-9112-9467-3547
177,Customer_177,customer177@company.com,555-177-0354,1505.2007567511628,0.31978565093765426,4.3413687348651395,5,South,Clothing,Charlie,2024-06-25,9061.45319049044,691-52-2481,4816-1336-3979-4968
178,Customer_178,customer178@company.com,555-178-0356,2081.4136308629268,0.26466736045906814,4.66251911633218,8,West,Books,Eve,2024-06-26,8604.532433396773,188-29-8262,4372-4129-6447-7129
179,Customer_179,customer179@company.com,555-179-0358,1394.1372667048176,0.4251842346574138,3.3128482525320955,5,West,Electronics,Eve,2024-06-27,10119.105936627231,551-53-4093,4830-5204-8446-9519
180,Customer_180,customer180@company.com,555-180-0360,2588.0676666358477,0.18533613717158787,4.886252425924158,4,East,Books,Alice,2024-06-28,9316.22452765743,982-66-5068,4875-1314-2134-5876
181,Customer_181,customer181@company.com,555-181-0362,1750.2669391060026,0.18282225262553792,4.403097844496648,10,West,Home,Diana,2024-06-29,10344.242744670886,939-16-4277,4328-9347-6592-2724
182,Customer_182,customer182@company.com,555-182-0364,1157.1369774334871,0.20204858836447823,3.9508272516595193,7,South,Home,Charlie,2024-06-30,12405.254602095327,474-76-8951,4371-1886-1721-8678
183,Customer_183,customer183@company.com,555-183-0366,1071.643000775555,0.08008834205521545,4.579669119663771,4,West,Clothing,Diana,2024-07-01,9187.075557541277,694-60-5595,4385-1870-7751-1497
184,Customer_184,customer184@company.com,555-184-0368,1692.9889660972742,0.20793959826553912,5.0,8,East,Electronics,Eve,2024-07-02,7234.26604549155,563-81-8291,4832-2117-3828-2647
185,Customer_185,customer185@company.com,555-185-0370,1410.6148858696597,0.18926938707570418,4.309119753035097,5,South,Electronics,Eve,2024-07-03,8596.584803750251,212-21-4197,4666-7992-7771-1142
186,Customer_186,customer186@company.com,555-186-0372,1785.6001976368368,0.2620315029180966,4.348932351780202,5,East,Home,Eve,2024-07-04,11167.176939946543,664-84-1139,4300-3761-4435-7622
187,Customer_187,customer187@company.com,555-187-0374,1689.2950498294178,0.27734047806217277,3.9243834602758536,5,West,Books,Diana,2024-07-05,11355.887569905346,500-15-4168,4664-8069-5512-2848
188,Customer_188,customer188@company.com,555-188-0376,1470.8684349372509,0.4000936671372709,3.690093378321125,2,East,Clothing,Eve,2024-07-06,10812.170394032468,616-66-7043,4407-3696-2717-4072
189,Customer_189,customer189@company.com,555-189-0378,1161.282512772638,0.326033907054884,4.698201489926547,3,East,Books,Alice,2024-07-07,12601.474611776031,945-78-7261,4143-3786-4791-4871
190,Customer_190,customer190@company.com,555-190-0380,894.0611101256542,0.20384770754700776,3.68634970445468,4,North,Books,Eve,2024-07-08,9627.273860246029,987-68-4104,4882-2504-4308-8117
191,Customer_191,customer191@company.com,555-191-0382,1321.3940191731915,0.17812682629213136,4.242939742331636,9,West,Books,Bob,2024-07-09,60260.83074004662,417-59-4951,4171-2690-4303-4113
192,Customer_192,customer192@company.com,555-192-0384,1842.559517729389,0.2893535337205205,3.91340553194093,0,West,Electronics,Diana,2024-07-10,54090.93568052953,588-28-5821,4801-8850-7416-2504
193,Customer_193,customer193@company.com,555-193-0386,1585.6374976520815,0.14438134343834863,4.487387895447835,5,East,Home,Bob,2024-07-11,37382.562648960615,296-75-3606,4515-9924-4924-9615
194,Customer_194,customer194@company.com,555-194-0388,1001.7044885152047,0.3965167012683483,4.400197263172169,5,North,Electronics,Eve,2024-07-12,59003.29314981783,778-77-7432,4506-5485-9100-9684
195,Customer_195,customer195@company.com,555-195-0390,1569.272370340473,0.34435520965770294,4.82252396655474,5,West,Home,Alice,2024-07-13,46165.06694932139,240-93-4765,4291-9690-5917-6831
196,Customer_196,customer196@company.com,555-196-0392,1654.1269518915346,0.21246594783162362,3.893990160687152,5,South,Clothing,Charlie,2024-07-14,44829.494052715345,490-88-7358,4332-5322-7999-8282
197,Customer_197,customer197@company.com,555-197-0394,1146.4570255195467,0.1129492376727298,4.038075038823977,4,East,Clothing,Eve,2024-07-15,52618.855549164466,502-63-8644,4549-2874-5763-9464
198,Customer_198,customer198@company.com,555-198-0396,1561.4900423782112,0.35830978993323304,3.612741770530616,9,West,Books,Alice,2024-07-16,41309.09763831728,859-29-8196,4105-2051-8538-8411
199,Customer_199,customer199@company.com,555-199-0398,1523.2834873784,0.24083681237979057,3.933424043954333,6,South,Home,Diana,2024-07-17,46522.653843391934,891-91-3761,4679-7320-3105-1307
200,Customer_200,customer200@company.com,555-200-0400,1042.8118808677507,0.3490253049578769,4.426380295826911,2,West,Home,Bob,2024-07-18,57785.49270312104,460-66-7361,4669-4359-4176-2251
